<?xml version="1.0"?>
<doc>
    <assembly>
        <name>Transformations</name>
    </assembly>
    <members>
        <member name="T:BojkoSoft.Transformations.Constants.enumEllipsoid">
            <summary>
            Types of ellipsoids
            </summary>
        </member>
        <member name="F:BojkoSoft.Transformations.Constants.enumEllipsoid.GRS80">
            <summary>
            GRS 1980
            </summary>
        </member>
        <member name="F:BojkoSoft.Transformations.Constants.enumEllipsoid.BESSEL_1841">
            <summary>
            Bessel 1841
            </summary>
        </member>
        <member name="F:BojkoSoft.Transformations.Constants.enumEllipsoid.CLARKE_1866">
            <summary>
            Clarke 1866
            </summary>
        </member>
        <member name="F:BojkoSoft.Transformations.Constants.enumEllipsoid.EVEREST">
            <summary>
            Everest (Sabah and Sarawak)
            </summary>
        </member>
        <member name="F:BojkoSoft.Transformations.Constants.enumEllipsoid.HELMERT">
            <summary>
            Helmert 1906
            </summary>
        </member>
        <member name="F:BojkoSoft.Transformations.Constants.enumEllipsoid.HAYFORD">
            <summary>
            Hayford
            </summary>
        </member>
        <member name="F:BojkoSoft.Transformations.Constants.enumEllipsoid.KRASSOVSKY">
            <summary>
            Krassovsky, 1942
            </summary>
        </member>
        <member name="F:BojkoSoft.Transformations.Constants.enumEllipsoid.WALBECK">
            <summary>
            Walbeck
            </summary>
        </member>
        <member name="F:BojkoSoft.Transformations.Constants.enumEllipsoid.WGS72">
            <summary>
            WGS 1972
            </summary>
        </member>
        <member name="F:BojkoSoft.Transformations.Constants.enumEllipsoid.WGS84">
            <summary>
            WGS 1984
            </summary>
        </member>
        <member name="F:BojkoSoft.Transformations.Constants.enumEllipsoid.SPHERE">
            <summary>
            Normal Sphere (R=6378137)
            </summary>
        </member>
        <member name="T:BojkoSoft.Transformations.Constants.Ellipsoids">
            <summary>
            Class for accessing available ellipsoids
            </summary>
        </member>
        <member name="F:BojkoSoft.Transformations.Constants.Ellipsoids.ellipsoids">
            <summary>
            Available ellipsoids
            </summary>
        </member>
        <member name="M:BojkoSoft.Transformations.Constants.Ellipsoids.#ctor">
            <summary>
            Available ellipsoids
            </summary>
        </member>
        <member name="P:BojkoSoft.Transformations.Constants.Ellipsoids.Item(BojkoSoft.Transformations.Constants.enumEllipsoid)">
            <summary>
            Get an ellipsoid
            </summary>
            <param name="ellipsoid">ellipsoid</param>
            <returns></returns>
        </member>
        <member name="M:BojkoSoft.Transformations.Constants.Ellipsoids.Init">
            <summary>
            Initialize all available ellipsoids
            </summary>
        </member>
        <member name="T:BojkoSoft.Transformations.Constants.Ellipsoid">
            <summary>
            Class for creating an ellipsoid
            </summary>
        </member>
        <member name="P:BojkoSoft.Transformations.Constants.Ellipsoid.a">
            <summary>
            semi major axis
            </summary>
        </member>
        <member name="P:BojkoSoft.Transformations.Constants.Ellipsoid.b">
            <summary>
            semi minor axis
            </summary>
        </member>
        <member name="P:BojkoSoft.Transformations.Constants.Ellipsoid.f">
            <summary>
            flattening
            </summary>
        </member>
        <member name="P:BojkoSoft.Transformations.Constants.Ellipsoid.invFlatt">
            <summary>
            inverse flattening
            </summary>
        </member>
        <member name="P:BojkoSoft.Transformations.Constants.Ellipsoid.n">
            <summary>
            nnnnnnnnnnn
            </summary>
        </member>
        <member name="P:BojkoSoft.Transformations.Constants.Ellipsoid.e">
            <summary>
            first eccentricity
            </summary>
        </member>
        <member name="P:BojkoSoft.Transformations.Constants.Ellipsoid.e2">
            <summary>
            first eccentricity squared
            </summary>
        </member>
        <member name="P:BojkoSoft.Transformations.Constants.Ellipsoid.ep2">
            <summary>
            second eccentricity squared
            </summary>
        </member>
        <member name="M:BojkoSoft.Transformations.Constants.Ellipsoid.#ctor(System.Double,System.Double)">
            <summary>
            Creates a new ellipsoid with semi major and semi minor axis values
            </summary>
            <param name="a">semi major axis</param>
            <param name="b">semi minor axis</param>
        </member>
        <member name="T:BojkoSoft.Transformations.Constants.Projection">
            <summary>
            Class for creating a Projection
            </summary>
        </member>
        <member name="P:BojkoSoft.Transformations.Constants.Projection.Lat1">
            <summary>
            Latitude of first standard parallel
            </summary>
        </member>
        <member name="P:BojkoSoft.Transformations.Constants.Projection.Lat2">
            <summary>
            Latitude of second standard parallel
            </summary>
        </member>
        <member name="P:BojkoSoft.Transformations.Constants.Projection.Lat0">
            <summary>
            Latitude of false origin
            </summary>
        </member>
        <member name="P:BojkoSoft.Transformations.Constants.Projection.Lon0">
            <summary>
            Longitude of false origin
            </summary>
        </member>
        <member name="P:BojkoSoft.Transformations.Constants.Projection.X0">
            <summary>
            False Northing in meters
            </summary>
        </member>
        <member name="P:BojkoSoft.Transformations.Constants.Projection.Y0">
            <summary>
            False Easting in meters
            </summary>
        </member>
        <member name="P:BojkoSoft.Transformations.Constants.Projection.Scale">
            <summary>
            Projection scale
            </summary>
        </member>
        <member name="M:BojkoSoft.Transformations.Constants.Projection.#ctor(System.Double,System.Double,System.Double,System.Double,System.Double,System.Double,System.Double)">
            <summary>
            Creates a Lambert Conformal Conic Projection with 2SP
            </summary>
            <param name="lat1">Latitude of first standard parallel</param>
            <param name="lat2">Latitude of second standard parallel</param>
            <param name="lat0">Latitude of false origin</param>
            <param name="lon0">Longitude of false origin</param>
            <param name="x0">False Easting in meters</param>
            <param name="y0">False Easting in meters</param>
            <param name="scale">Projection scale</param>
        </member>
        <member name="M:BojkoSoft.Transformations.Constants.Projection.#ctor(System.Int32,System.Double,System.Double)">
            <summary>
            Creates a new Gauss or UTM Projection
            </summary>
            <param name="lon0">Latitude of central meridian</param>
            <param name="y0">False Easting in meters</param>
            <param name="scale">Scale</param>
        </member>
        <member name="M:BojkoSoft.Transformations.Constants.Projection.#ctor(System.Double,System.Double)">
            <summary>
            Creates a new Projection
            </summary>
            <param name="x0">False Northing in meters</param>
            <param name="y0">False Easting in meters</param>
        </member>
        <member name="M:BojkoSoft.Transformations.Constants.Projection.#ctor(System.String)">
            <summary>
            Creates a new Projection
            </summary>
            <param name="name">Projection name</param>
        </member>
        <member name="T:BojkoSoft.Transformations.Constants.enumProjection">
            <summary>
            Types of projections
            </summary>
        </member>
        <member name="F:BojkoSoft.Transformations.Constants.enumProjection.BGS_SOFIA">
            <summary>
            BGS Sofia. Local projection based on BGS 1950
            </summary>
        </member>
        <member name="F:BojkoSoft.Transformations.Constants.enumProjection.BGS_1930_24">
            <summary>
            Gauss projection based on Hayford ellipsoid
            </summary>
        </member>
        <member name="F:BojkoSoft.Transformations.Constants.enumProjection.BGS_1930_27">
            <summary>
            Gauss projection based on Hayford ellipsoid
            </summary>
        </member>
        <member name="F:BojkoSoft.Transformations.Constants.enumProjection.BGS_1950_3_24">
            <summary>
            Gauss projection based on Krassovsky ellipsoid
            </summary>
        </member>
        <member name="F:BojkoSoft.Transformations.Constants.enumProjection.BGS_1950_3_27">
            <summary>
            Gauss projection based on Krassovsky ellipsoid
            </summary>
        </member>
        <member name="F:BojkoSoft.Transformations.Constants.enumProjection.BGS_1950_6_21">
            <summary>
            Gauss projection based on Krassovsky ellipsoid
            </summary>
        </member>
        <member name="F:BojkoSoft.Transformations.Constants.enumProjection.BGS_1950_6_27">
            <summary>
            Gauss projection based on Krassovsky ellipsoid
            </summary>
        </member>
        <member name="F:BojkoSoft.Transformations.Constants.enumProjection.BGS_1970_K3">
            <summary>
            ~ Northewest Bulgaria
            </summary>
        </member>
        <member name="F:BojkoSoft.Transformations.Constants.enumProjection.BGS_1970_K5">
            <summary>
            ~ Southeast Bulgaria
            </summary>
        </member>
        <member name="F:BojkoSoft.Transformations.Constants.enumProjection.BGS_1970_K7">
            <summary>
            ~ Northeast Bulgaria
            </summary>
        </member>
        <member name="F:BojkoSoft.Transformations.Constants.enumProjection.BGS_1970_K9">
            <summary>
            ~ Southwest Bulgaria
            </summary>
        </member>
        <member name="F:BojkoSoft.Transformations.Constants.enumProjection.BGS_2005_KK">
            <summary>
            Lambert Conformal Conic with 2SP used by Cadastral Agency
            </summary>
        </member>
        <member name="F:BojkoSoft.Transformations.Constants.enumProjection.UTM34N">
            <summary>
            UTM zone 34 North
            </summary>
        </member>
        <member name="F:BojkoSoft.Transformations.Constants.enumProjection.UTM35N">
            <summary>
            UTM zone 35 North
            </summary>
        </member>
        <member name="T:BojkoSoft.Transformations.Constants.Projections">
            <summary>
            Class for accessing available projections
            </summary>
        </member>
        <member name="F:BojkoSoft.Transformations.Constants.Projections.projections">
            <summary>
            Available projections
            </summary>
        </member>
        <member name="M:BojkoSoft.Transformations.Constants.Projections.#ctor">
            <summary>
            Available projections
            </summary>
        </member>
        <member name="P:BojkoSoft.Transformations.Constants.Projections.Item(BojkoSoft.Transformations.Constants.enumProjection)">
            <summary>
            Get a projection
            </summary>
            <param name="projection">projection</param>
            <returns></returns>
        </member>
        <member name="M:BojkoSoft.Transformations.Constants.Projections.Init">
            <summary>
            Initialize all available projections
            </summary>
        </member>
        <member name="M:BojkoSoft.Transformations.ControlPoints.ControlPointsClass.GetPoint(System.Int32)">
            <summary>
            Get a control point by ID
            </summary>
            <param name="id"></param>
            <returns></returns>
        </member>
        <member name="M:BojkoSoft.Transformations.ControlPoints.ControlPointsClass.GetPoints(System.Int32[])">
            <summary>
            Get a set of control points by IDs 
            </summary>
            <param name="ids"></param>
            <returns></returns>
        </member>
        <member name="M:BojkoSoft.Transformations.ControlPoints.ControlPointsClass.GetPoints(BojkoSoft.Transformations.GeoPoint,System.Double)">
            <summary>
            Get a set of control points located inside a circle with radius
            </summary>
            <param name="point">center of circle</param>
            <param name="radius">radius of circle</param>
            <returns></returns>
        </member>
        <member name="M:BojkoSoft.Transformations.ControlPoints.ControlPointsClass.GetPoints(BojkoSoft.Transformations.GeoExtent)">
            <summary>
            Get a set of control points located inside an extent 
            </summary>
            <param name="extent"></param>
            <returns></returns>
        </member>
        <member name="T:BojkoSoft.Transformations.GeoExtent">
            <summary>
            Represents an extent
            </summary>
        </member>
        <member name="P:BojkoSoft.Transformations.GeoExtent.NorthEastCorner">
            <summary>
            North east corner of the extent: max latitude and longitude
            </summary>
        </member>
        <member name="P:BojkoSoft.Transformations.GeoExtent.SouthWestCorner">
            <summary>
            South west corner of the extent: min latitude and longitude
            </summary>
        </member>
        <member name="M:BojkoSoft.Transformations.GeoExtent.#ctor(BojkoSoft.Transformations.GeoPoint,BojkoSoft.Transformations.GeoPoint)">
            <summary>
            Creates a new extent by specifying corner points
            </summary>
            <param name="northEastCorner"></param>
            <param name="southWestCorner"></param>
        </member>
        <member name="M:BojkoSoft.Transformations.GeoExtent.#ctor(System.Double,System.Double,System.Double,System.Double)">
            <summary>
            Creates a new extent by specifying min and max values
            </summary>
            <param name="northingMax"></param>
            <param name="northingMin"></param>
            <param name="eastingMax"></param>
            <param name="eastingMin"></param>
        </member>
        <member name="T:BojkoSoft.Transformations.Helpers">
            <summary>
            Some usefull functions
            </summary>
        </member>
        <member name="M:BojkoSoft.Transformations.Helpers.ToRad(System.Double)">
            <summary>
            transforms value to radians
            </summary>
            <param name="degrees">value in degrees</param>
            <returns>value in radians</returns>
        </member>
        <member name="M:BojkoSoft.Transformations.Helpers.ToDeg(System.Double)">
            <summary>
            transforms value to degrees
            </summary>
            <param name="radians">value in radians</param>
            <returns>value in degrees</returns>
        </member>
        <member name="M:BojkoSoft.Transformations.Helpers.ArcLengthOfMeridian(System.Double,System.Double,System.Double)">
            <summary>
            Calculates distance from the equator to the specified Latitude.
            </summary>
            <param name="latitude">base latitude value in radians</param>
            <param name="a">ellipsoid's semi major axis</param>
            <param name="b">ellipsoid's semi minor axis</param>
            <returns></returns>
        </member>
        <member name="M:BojkoSoft.Transformations.Helpers.FootpointLatitude(System.Double,System.Double,System.Double)">
            <summary>
            Calculates base latitude from x coordinate of a point
            </summary>
            <param name="x">distance from the equator in meters</param>
            <param name="a">ellipsoid's semi major axis</param>
            <param name="b">ellipsoid's semi minor axis</param>
            <returns></returns>
        </member>
        <member name="M:BojkoSoft.Transformations.Helpers.CalculateWParameter(System.Double,System.Double)">
            <summary>
            
            </summary>
            <param name="latitude"></param>
            <param name="e2"></param>
            <returns></returns>
        </member>
        <member name="M:BojkoSoft.Transformations.Helpers.CalculateQParameter(System.Double,System.Double)">
            <summary>
            
            </summary>
            <param name="latitude"></param>
            <param name="e"></param>
            <returns></returns>
        </member>
        <member name="M:BojkoSoft.Transformations.Helpers.CalculateCentralPointX(System.Double,System.Double,System.Double)">
            <summary>
            
            </summary>
            <param name="lat0"></param>
            <param name="a"></param>
            <param name="e2"></param>
            <returns></returns>
        </member>
        <member name="T:BojkoSoft.Transformations.GeoPoint">
            <summary>
            Represents a 2D point
            </summary>
        </member>
        <member name="P:BojkoSoft.Transformations.GeoPoint.ID">
            <summary>
            Unique ID of a point, -1 by default
            </summary>
        </member>
        <member name="P:BojkoSoft.Transformations.GeoPoint.X">
            <summary>
            The value has different meaning in different coordinate systems:
            - Geographic: represents Latitude
            - Lambert: represents Northing
            - UTM: represents Northing
            - Old BGS: represents X
            - Cartesian: y
            </summary>
        </member>
        <member name="P:BojkoSoft.Transformations.GeoPoint.Y">
            <summary>
            The value has different meaning in different coordinate systems:
            - Geographic: represents Longitude
            - Lambert: represents Easting
            - UTM: represents Easting
            - Old BGS: represents Y
            - Cartesian: x
            </summary>
        </member>
        <member name="P:BojkoSoft.Transformations.GeoPoint.Z">
            <summary>
            Z coordinate of a point:
            - in geocentric: Z
            - in others: Elevation
            </summary>
        </member>
        <member name="M:BojkoSoft.Transformations.GeoPoint.#ctor">
            <summary>
            Create a new Point with (0, 0, 0) coordinates
            </summary>
        </member>
        <member name="M:BojkoSoft.Transformations.GeoPoint.#ctor(System.Double,System.Double)">
            <summary>
            Create a new Point
            </summary>
            <param name="x">The value has different meaning in different coordinate systems:
            - Geographic: represents Latitude
            - Lambert: represents Northing
            - UTM: represents Northing
            - Old BGS: represents X
            - Cartesian: y
            </param>
            <param name="y">The value has different meaning in different coordinate systems:
            - Geographic: represents Longitude
            - Lambert: represents Easting
            - UTM: represents Easting
            - Old BGS: represents Y
            - Cartesian: x
            </param>
        </member>
        <member name="M:BojkoSoft.Transformations.GeoPoint.#ctor(System.Double,System.Double,System.Double)">
            <summary>
            Create a new Point
            </summary>
            <param name="x">The value has different meaning in different coordinate systems:
            - Geographic: represents Latitude
            - Lambert: represents Northing
            - UTM: represents Northing
            - Old BGS: represents X
            - Cartesian: y
            </param>
            <param name="y">The value has different meaning in different coordinate systems:
            - Geographic: represents Longitude
            - Lambert: represents Easting
            - UTM: represents Easting
            - Old BGS: represents Y
            - Cartesian: x
            </param>
            <param name="z">Z coordinate of a point:
            - in geocentric: Z
            - in others: Elevation
            </param>
        </member>
        <member name="M:BojkoSoft.Transformations.GeoPoint.#ctor(System.Int32,System.Double,System.Double,System.Double)">
            <summary>
            Create a new Point with ID
            </summary>
            <param name="id">Unique ID of a point</param>
            <param name="x">The value has different meaning in different coordinate systems:
            - Geographic: represents Latitude
            - Lambert: represents Northing
            - UTM: represents Northing
            - Old BGS: represents X
            - Cartesian: y
            </param>
            <param name="y">The value has different meaning in different coordinate systems:
            - Geographic: represents Longitude
            - Lambert: represents Easting
            - UTM: represents Easting
            - Old BGS: represents Y
            - Cartesian: x
            </param>
            <param name="z">Z coordinate of a point:
            - in geocentric: Z
            - in others: Elevation
            </param>
        </member>
        <member name="M:BojkoSoft.Transformations.GeoPoint.ToPoint">
            <summary>
            Converts this point to KDBush.Point(this)
            </summary>
            <returns></returns>
        </member>
        <member name="M:BojkoSoft.Transformations.GeoPoint.Clone">
            <summary>
            Clone this point
            </summary>
            <returns>new GeoPoint</returns>
        </member>
        <member name="M:BojkoSoft.Transformations.GeoPoint.ToString">
            <summary>
            
            </summary>
            <returns></returns>
        </member>
        <member name="T:BojkoSoft.Transformations.TransformationModels.AffineTransformation">
            <summary>
            Class for transforming points using Affine transformation
            </summary>
        </member>
        <member name="M:BojkoSoft.Transformations.TransformationModels.AffineTransformation.#ctor(System.Collections.Generic.List{BojkoSoft.Transformations.GeoPoint},System.Collections.Generic.List{BojkoSoft.Transformations.GeoPoint})">
            <summary>
            Creates a new Affine transformation based on input source and target points
            </summary>
            <param name="sourcePoints">used to transform from</param>
            <param name="targetPoints">used to transform to</param>
        </member>
        <member name="M:BojkoSoft.Transformations.TransformationModels.AffineTransformation.Transform(BojkoSoft.Transformations.GeoPoint)">
            <summary>
            Transforms a point using Affine transformation
            </summary>
            <param name="inputPoint"></param>
            <returns></returns>
        </member>
        <member name="M:BojkoSoft.Transformations.TransformationModels.AffineTransformation.CalculateAffineParameters(System.Collections.Generic.List{BojkoSoft.Transformations.GeoPoint},System.Collections.Generic.List{BojkoSoft.Transformations.GeoPoint})">
            <summary>
            Calculates Affine transformation parameters
            </summary>
            <param name="sourcePoints"></param>
            <param name="targetPoints"></param>
        </member>
        <member name="T:BojkoSoft.Transformations.TransformationModels.ITransformation">
            <summary>
            Interface for using transformation models
            </summary>
        </member>
        <member name="M:BojkoSoft.Transformations.TransformationModels.ITransformation.Transform(BojkoSoft.Transformations.GeoPoint)">
            <summary>
            Transforms a point
            </summary>
            <param name="inputPoint"></param>
            <returns></returns>
        </member>
        <member name="T:BojkoSoft.Transformations.TransformationModels.Matrix">
            <summary>
            Class for dealing with matrices
            </summary>
        </member>
        <member name="M:BojkoSoft.Transformations.TransformationModels.Matrix.#ctor(System.Int32,System.Int32)">
            <summary>
            Creates a new Matrix with specified size
            </summary>
            <param name="rows"></param>
            <param name="cols"></param>
        </member>
        <member name="P:BojkoSoft.Transformations.TransformationModels.Matrix.Item(System.Int32,System.Int32)">
            <summary>
            Get a matrix element
            </summary>
            <param name="x">row number</param>
            <param name="y">column number</param>
            <returns></returns>
        </member>
        <member name="M:BojkoSoft.Transformations.TransformationModels.Matrix.Invert">
            <summary>
            Inverts this matrix
            See: http://csharphelper.com/blog/2016/05/find-matrix-inverse-c/
            </summary>
            <returns></returns>
        </member>
        <member name="T:BojkoSoft.Transformations.TransformationModels.TPSTransformation">
            <summary>
            Class for transforming points using Thin Plate Splite (TPS) transformation
            </summary>
        </member>
        <member name="M:BojkoSoft.Transformations.TransformationModels.TPSTransformation.#ctor(System.Collections.Generic.List{BojkoSoft.Transformations.GeoPoint},System.Collections.Generic.List{BojkoSoft.Transformations.GeoPoint})">
            <summary>
            Calcualtes TPS transformation based on input points
            </summary>
            <param name="sourcePoints">used to transform from</param>
            <param name="targetPoints">used to transform to</param>
        </member>
        <member name="M:BojkoSoft.Transformations.TransformationModels.TPSTransformation.Transform(BojkoSoft.Transformations.GeoPoint)">
            <summary>
            Transforms a point using TPS transformation
            </summary>
            <param name="inputPoint"></param>
            <returns></returns>
        </member>
        <member name="M:BojkoSoft.Transformations.TransformationModels.TPSTransformation.kernelFunction(BojkoSoft.Transformations.GeoPoint,BojkoSoft.Transformations.GeoPoint)">
            <summary>
            Radial base function - r^2 * log(r)
            </summary>
            <param name="first"></param>
            <param name="second"></param>
            <returns></returns>
        </member>
        <member name="M:BojkoSoft.Transformations.TransformationModels.TPSTransformation.CalculateTPSParameters(System.Collections.Generic.List{BojkoSoft.Transformations.GeoPoint})">
            <summary>
            Calculates TPS transformation parameters
            </summary>
            <param name="targetPoints"></param>
        </member>
        <member name="T:BojkoSoft.Transformations.Transformations">
            <summary>
            Transform points between different coordinate systems
            </summary>
        </member>
        <member name="M:BojkoSoft.Transformations.Transformations.#ctor(System.Boolean)">
            <summary>
            Transform points between different coordinate systems
            </summary>
            <param name="useControlPoints">Wheather or not the control points for transforming between BGS coordiante systems will be initialized.</param>
        </member>
        <member name="M:BojkoSoft.Transformations.Transformations.TransformGeographicToLambert(BojkoSoft.Transformations.GeoPoint,BojkoSoft.Transformations.Constants.enumProjection,BojkoSoft.Transformations.Constants.enumEllipsoid)">
            <summary>
            Transforms geographic coordinates to projected
            </summary>
            <param name="inputPoint">input geographic coordinates</param>
            <param name="outputProjection">output Lambert projection</param>
            <param name="outputEllipsoid">output Lambert projection is using this ellipsoid</param>
            <returns>geographic coordinates projected to Lambert projection</returns>
        </member>
        <member name="M:BojkoSoft.Transformations.Transformations.TransformLambertToGeographic(BojkoSoft.Transformations.GeoPoint,BojkoSoft.Transformations.Constants.enumProjection,BojkoSoft.Transformations.Constants.enumEllipsoid)">
            <summary>
            Transforms projected coordinates to geographic
            </summary>
            <param name="inputPoint">input coordinates in Lambert projection</param>
            <param name="inputProjection">input Lambert projection</param>
            <param name="inputEllipsoid">input Lambert projection is using this ellipsoid</param>
            <returns>geographic coordinates</returns>
        </member>
        <member name="M:BojkoSoft.Transformations.Transformations.TransformGeographicToUTM(BojkoSoft.Transformations.GeoPoint,BojkoSoft.Transformations.Constants.enumProjection,BojkoSoft.Transformations.Constants.enumEllipsoid)">
            <summary>
            Transforms geographic coordinates in UTM projection
            </summary>
            <param name="inputPoint">input geographic coordinates</param>
            <param name="outputUtmProjection">target UTM projection</param>
            <param name="inputEllipsoid">input coordinates are for this ellipsoid</param>
            <returns>input coordinates in UTM projection</returns>
        </member>
        <member name="M:BojkoSoft.Transformations.Transformations.TransformUTMToGeographic(BojkoSoft.Transformations.GeoPoint,BojkoSoft.Transformations.Constants.enumProjection,BojkoSoft.Transformations.Constants.enumEllipsoid)">
            <summary>
            Transforms UTM coordinates to geographic
            </summary>
            <param name="inputPoint">input UTM coordinates</param>
            <param name="inputUtmProjection">input coordinates projection</param>
            <param name="outputEllipsoid">output ellipsoid</param>
            <returns>geographic coordinates</returns>
        </member>
        <member name="M:BojkoSoft.Transformations.Transformations.TransformGeographicToGauss(BojkoSoft.Transformations.GeoPoint,BojkoSoft.Transformations.Constants.enumProjection,BojkoSoft.Transformations.Constants.enumEllipsoid)">
            <summary>
            Transforms geographic coordinates in Gauss projection
            </summary>
            <param name="inputPoint">input geographic coordinates</param>
            <param name="outputProjection">target gauss projection</param>
            <param name="inputEllipsoid">input coordinates are for this ellipsoid</param>
            <returns>projected coordinates in gauss projection</returns>
        </member>
        <member name="M:BojkoSoft.Transformations.Transformations.TransformGaussToGeographic(BojkoSoft.Transformations.GeoPoint,BojkoSoft.Transformations.Constants.enumProjection,BojkoSoft.Transformations.Constants.enumEllipsoid)">
            <summary>
            Transforms projected coordinates to geographic
            </summary>
            <param name="inputPoint">input coordinates in gauss projection</param>
            <param name="inputProjection">input gauss projection</param>
            <param name="outputEllipsoid">target ellipsoid</param>
            <returns>geographic coordinates in target ellipsoid</returns>
        </member>
        <member name="M:BojkoSoft.Transformations.Transformations.TransformGeographicToWebMercator(BojkoSoft.Transformations.GeoPoint)">
            <summary>
            Transforms geographic coordinates to Web Mercator
            </summary>
            <param name="inputPoint">input geographic coordinates</param>
            <returns>geographic coordinates in Web Mercator projection</returns>
        </member>
        <member name="M:BojkoSoft.Transformations.Transformations.TransformWebMercatorToGeographic(BojkoSoft.Transformations.GeoPoint)">
            <summary>
            Transforms projected coordinates in Web Mercator to geographic coordinates
            </summary>
            <param name="inputPoint">input coordinates in Web Mercator</param>
            <returns>geographic coordinates</returns>
        </member>
        <member name="M:BojkoSoft.Transformations.Transformations.TransformGeographicToGeocentric(BojkoSoft.Transformations.GeoPoint,BojkoSoft.Transformations.Constants.enumEllipsoid)">
            <summary>
            Transforms geographic coordiantes to geocentric
            </summary>
            <param name="inputPoint">input geographic coordinates</param>
            <param name="outputEllipsoid">output ellipsoid (same as input coordinates ellipsoid)</param>
            <returns>geocentric coordinates in output ellipsoid</returns>
        </member>
        <member name="M:BojkoSoft.Transformations.Transformations.TransformGeocentricToGeographic(BojkoSoft.Transformations.GeoPoint,BojkoSoft.Transformations.Constants.enumEllipsoid)">
            <summary>
            Transforms geocentric coordinates to geographic
            </summary>
            <param name="inputPoint">input geocentric coordinates</param>
            <param name="inputEllipsoid">input coordinates are for this ellipsoid</param>
            <returns>geographic coordinates</returns>
        </member>
        <member name="M:BojkoSoft.Transformations.Transformations.TransformBGSCoordinates(BojkoSoft.Transformations.GeoPoint,BojkoSoft.Transformations.Constants.enumProjection,BojkoSoft.Transformations.Constants.enumProjection,System.Boolean)">
            <summary>
            Transforms from BGS 1930, BGS1950, BGS Sofia, BGS 1970 or BGS 2005 projected coordinates to the specified projection.
            Transforms a point by calculating local transformation parameters. Transformation parameters are calculated using predefiend
            control points. Control points are searched within 20 000m around the input point. If the point is close to the border of 
            the projection an exception will be thrown.
            </summary>
            <param name="inputPoint">input projected coordinates in BGS 1930, BGS1950, BGS 1970 or BGS 2005</param>
            <param name="inputProjection">input coordinates projection</param>
            <param name="outputProjection">output projection</param>
            <param name="useTPS">use TPS or Affine transformations</param>
            <returns>coordinates in specified projection</returns>
        </member>
        <member name="M:BojkoSoft.Transformations.Transformations.ConvertDecimalDegreesToDMS(System.Double)">
            <summary>
            Converts decimal degrees to degrees, minutes and seconds
            </summary>
            <param name="DEG">value in decimal degrees</param>
            <returns>input value in degrees, minutes and seconds</returns>
        </member>
        <member name="M:BojkoSoft.Transformations.Transformations.ConvertDMStoDecimalDegrees(System.String)">
            <summary>
            Converts degrees, minutes and seconds to decimal degrees
            </summary>
            <param name="DMS">value in ddmmss.ss (42d23m43.23s should be past as 422343.23)</param>
            <returns>input value in decimal degrees</returns>
        </member>
    </members>
</doc>
